first_name,last_name,email,cell_phone,state
Marta,Jesus,,9 9102-7834,Acre
Luana,Almeida,,9 7328-8718,Rio Grande do Sul
Frida,Mendes,frida@meu_email.com,9 5906-7552,São Paulo
Daniela,Avelino,daniela@exemplo.com,9 4642-9486,Mato Grosso
Romário,Teixeira,,9 3093-6522,Bahia
Marcelo,Barroso,,9 2830-2088,Rio Grande do Sul
Cristiano,Elísio,cristiano@exemplo.com,9 3532-8404,Goiás
Everton,Barbosa,everton@meu_email.com,9 2553-4087,Distrito Federal
Gabriela,Alves,gabriela@exemplo.com,9 1353-8433,Santa Catarina
Luan,Dias,luan@exemplo.com,9 2417-3678,Distrito Federal
Mariana,Alves,mariana@meu_email.com,9 1846-6377,Santa Catarina
James,Albuquerque,,9 2430-5905,Sergipe
Carol,Barboza,carol@exemplo.com,9 8487-3501,Mato Grosso
Carolina,Monteiro,carolina@teste.com,9 1226-4267,Rio Grande do Sul
Francisco,Nascimento,francisco@exemplo.com,9 7264-9020,Distrito Federal
Stephanie,Barbosa,stephanie@usuario.com,9 1446-3560,Mato Grosso
Laura,Santos,laura@exemplo.com,9 7802-6152,Maranhão
João,Magalhães,joão@exemplo.com,9 5995-1272,Pernambuco
Jair,Magalhães,jair@exemplo.com,9 8368-1315,Alagoas
Caíque,Monteiro,caíque@exemplo.com,9 9793-9986,Piauí
Adalberto,Silva,adalberto@usuario.com,9 1338-1447,São Paulo
Diego,Freire,diego@teste.com,9 6686-4094,Bahia
Heitor,Pereira,,9 4839-8118,Maranhão
Maria,Pires,,9 8229-1067,Amazonas
Jair,Barroso,jair@teste.com,9 6679-6120,Ceará
Alice,Veloso,alice@exemplo.com,9 9869-3706,Minas Gerais
Eloá,da Silva,eloá@usuario.com,9 3982-5948,Espírito Santo
Luan,Lima,luan@teste.com,9 2529-8197,Acre
Beatriz,Araújo,beatriz@usuario.com,9 4543-3853,Minas Gerais
Geisa,Santos,geisa@meu_email.com,9 4653-9739,Rio Grande do Norte
Gabriel,Teixeira,gabriel@exemplo.com,9 7419-5325,Rio Grande do Sul
Geisa,Freitas,geisa@exemplo.com,9 6772-5310,Mato Grosso do Sul
Ana,Campos,ana@teste.com,9 1932-9841,Bahia
João,da Silva,joão@usuario.com,9 2813-8103,Paraná
José,Campos,josé@teste.com,9 7552-4340,Goiás
Adalberto,Dias,adalberto@usuario.com,9 8395-7004,Espírito Santo
Mariana,Góes,mariana@meu_email.com,9 7324-4293,
Daniela,Monteiro,daniela@meu_email.com,9 4704-5844,Goiás
Marcelo,Mendes,,9 6773-1560,Espírito Santo
Caio,Batista,caio@usuario.com,9 4761-6542,Maranhão
Gabriela,Nascimento,gabriela@teste.com,9 5382-5772,Amapá
Maria,Morais,maria@usuario.com,9 1519-4181,Pernambuco
João,Almeida,joão@usuario.com,9 4650-1753,Goiás
Daniela,Lima,,9 1763-2584,Rio de Janeiro
Júlia,Costa,júlia@usuario.com,9 5446-9508,Rio Grande do Norte
Gerson,Anjos,gerson@meu_email.com,9 1590-8972,Mato Grosso do Sul
Rafael,Freire,rafael@exemplo.com,9 8703-1006,Maranhão
Júlia,Castro,júlia@exemplo.com,9 7096-1780,Rio de Janeiro
Clarissa,Albuquerque,clarissa@exemplo.com,9 7403-4273,Ceará
Júlia,Sousa,júlia@exemplo.com,9 2094-8467,Rondônia
Beatriz,Monteiro,beatriz@teste.com,9 3570-4464,Minas Gerais
Caio,Mendes,caio@teste.com,9 6437-5008,Pernambuco
Bruno,Anjos,bruno@teste.com,9 3004-3740,Goiás
Daniela,Mendes,daniela@teste.com,9 3797-3399,Pernambuco
Diego,Teixeira,diego@exemplo.com,9 5247-1737,Pará
Gabriela,Pires,gabriela@meu_email.com,9 1214-1539,Rio de Janeiro
Cristiano,Fagundes,cristiano@usuario.com,9 7680-6400,Piauí
Stephanie,Barboza,stephanie@meu_email.com,9 1168-6722,Maranhão
Rafael,Rodrigues,rafael@meu_email.com,9 6550-3557,Bahia
Stephanie,Freire,stephanie@usuario.com,9 3256-1853,São Paulo
Carol,Bueno,carol@usuario.com,9 9814-4736,Santa Catarina
Francisco,Abreu,francisco@exemplo.com,9 6754-1775,Amapá
Carol,Anjos,carol@usuario.com,9 2123-9306,Pernambuco
Caíque,Batista,caíque@teste.com,9 8818-5886,Ceará
Luan,Ramos,luan@exemplo.com,9 6843-3876,Pernambuco
Willian,Freitas,,9 3043-7382,Rio de Janeiro
Stephanie,Abreu,stephanie@meu_email.com,9 6466-2389,Mato Grosso
Laura,Pires,laura@meu_email.com,9 8144-6047,Mato Grosso do Sul
José,Pires,josé@usuario.com,9 8189-2149,Ceará
Gustavo,Cardoso,gustavo@teste.com,9 7594-9211,Amazonas
Diego,Barboza,,9 4849-7409,Mato Grosso do Sul
Gerson,Barroso,gerson@exemplo.com,9 5719-4227,Pernambuco
Neymar,Elísio,neymar@teste.com,9 5373-1785,Rio Grande do Sul
Cristiano,Almeida,cristiano@usuario.com,9 2630-9907,
Júlia,Almeida,júlia@meu_email.com,9 9208-5213,Maranhão
Marta,Abreu,,9 9024-3467,Roraima
Romário,Rosa,romário@meu_email.com,9 8710-8305,Rio Grande do Sul
Ana,Monteiro,ana@teste.com,9 3871-4132,Bahia
Laura,Queiroz,laura@exemplo.com,9 6338-8617,São Paulo
Hélen,Souza,hélen@teste.com,9 9974-1066,Paraná
Daniela,Góes,daniela@usuario.com,9 5394-6677,Alagoas
Alice,Ferreira,alice@teste.com,9 9005-2493,Minas Gerais
Heitor,Rocha,heitor@teste.com,9 3236-7429,Espírito Santo
Frida,Freire,,9 4760-1383,Alagoas
Carol,Bueno,carol@meu_email.com,9 3760-2211,
Eduardo,Teixeira,,9 2537-7930,Rio Grande do Norte
Adalberto,Oliveira,adalberto@teste.com,9 3081-3441,Roraima
Beatriz,Abreu,beatriz@usuario.com,9 2254-6798,Acre
Rafael,Batista,rafael@usuario.com,9 8656-5668,Ceará
Daniela,Pires,daniela@usuario.com,9 6666-2265,Bahia
Stephanie,Rosa,,9 3040-4414,Rio Grande do Norte
Daniel,Costa,daniel@teste.com,9 4761-6557,Rio Grande do Norte
Beatriz,Bueno,beatriz@teste.com,9 4435-2960,Acre
Ronaldo,Galo,ronaldo@meu_email.com,9 8821-9577,Pernambuco
Cristiano,Pereira,cristiano@meu_email.com,9 4404-8717,Piauí
Mariana,Rosa,mariana@usuario.com,9 3139-2145,
Paulo,Câmara,paulo@usuario.com,9 4785-1135,Sergipe
Marta,Góes,marta@teste.com,9 4102-4352,Paraná
Cibele,Costa,cibele@meu_email.com,9 4211-6968,Mato Grosso
Jéssica,Jesus,jéssica@usuario.com,9 6100-1466,Paraná
